<?xml version="1.0" encoding="UTF-8"?>
<project-private xmlns="http://www.netbeans.org/ns/project-private/1">
    <editor-bookmarks xmlns="http://www.netbeans.org/ns/editor-bookmarks/2" lastBookmarkId="0"/>
    <open-files xmlns="http://www.netbeans.org/ns/projectui-open-files/2">
        <group>
            <file>file:/home/witaya/Documents/LibraryDemo/src/librarydemo/Select.java</file>
            <file>file:/home/witaya/Documents/LibraryDemo/src/librarydemo/Member.java</file>
            <file>file:/home/witaya/Documents/LibraryDemo/src/librarydemo/Return.java</file>
            <file>file:/home/witaya/Documents/LibraryDemo/src/librarydemo/LibraryDemo.java</file>
            <file>file:/home/witaya/Documents/LibraryDemo/src/librarydemo/Book.java</file>
            <file>file:/home/witaya/Documents/LibraryDemo/src/librarydemo/Library.java</file>
            <file>file:/home/witaya/Documents/LibraryDemo/src/librarydemo/Store.java</file>
        </group>
    </open-files>
</project-private>
